{"cameraMode":{"drawMode":0,"name":"Shaded","section":"Shading Mode"},"sceneLighting":false,"audioPlay":false,"sceneViewState":{"m_AlwaysRefresh":false,"showFog":false,"showSkybox":false,"showFlares":false,"showImageEffects":false,"showParticleSystems":false,"showVisualEffectGraphs":true,"m_FxEnabled":true},"in2DMode":false,"pivot":{"x":0.7601394057273865,"y":0.8457305431365967,"z":0.5308525562286377},"rotation":{"x":0.42274221777915957,"y":-0.10267680883407593,"z":0.04827531427145004,"w":0.8991259336471558},"size":0.4745805561542511,"orthographic":true}