{"cameraMode":{"drawMode":0,"name":"Shaded","section":"Shading Mode"},"sceneLighting":false,"audioPlay":false,"sceneViewState":{"m_AlwaysRefresh":false,"showFog":false,"showSkybox":false,"showFlares":false,"showImageEffects":false,"showParticleSystems":false,"showVisualEffectGraphs":true,"m_FxEnabled":true},"in2DMode":false,"pivot":{"x":-0.16975808143615724,"y":0.8983126282691956,"z":-0.5107455253601074},"rotation":{"x":-0.13802430033683778,"y":-0.8470350503921509,"z":0.2664891183376312,"w":-0.43871039152145388},"size":0.8972922563552856,"orthographic":false}