{"cameraMode":{"drawMode":0,"name":"Shaded","section":"Shading Mode"},"sceneLighting":false,"audioPlay":false,"sceneViewState":{"m_AlwaysRefresh":false,"showFog":false,"showSkybox":false,"showFlares":false,"showImageEffects":false,"showParticleSystems":false,"showVisualEffectGraphs":true,"m_FxEnabled":true},"in2DMode":false,"pivot":{"x":-2.392897605895996,"y":143.67369079589845,"z":9.950332641601563},"rotation":{"x":0.004897692706435919,"y":0.990056037902832,"z":-0.035657480359077457,"w":0.13598830997943879},"size":28.407691955566408,"orthographic":false}