{"cameraMode":{"drawMode":0,"name":"Shaded","section":"Shading Mode"},"sceneLighting":false,"audioPlay":false,"sceneViewState":{"m_AlwaysRefresh":false,"showFog":false,"showSkybox":false,"showFlares":false,"showImageEffects":false,"showParticleSystems":false,"showVisualEffectGraphs":true,"m_FxEnabled":true},"in2DMode":false,"pivot":{"x":17.594385147094728,"y":59.974029541015628,"z":3.190582275390625},"rotation":{"x":0.0008273221319541335,"y":0.9975481629371643,"z":-0.06894031912088394,"w":0.011971157044172287},"size":81.1695327758789,"orthographic":false}