{"cameraMode":{"drawMode":0,"name":"Shaded","section":"Shading Mode"},"sceneLighting":false,"audioPlay":false,"sceneViewState":{"m_AlwaysRefresh":false,"showFog":false,"showSkybox":false,"showFlares":false,"showImageEffects":false,"showParticleSystems":false,"showVisualEffectGraphs":true,"m_FxEnabled":true},"in2DMode":false,"pivot":{"x":0.6941872239112854,"y":1.4181991815567017,"z":-0.055458806455135348},"rotation":{"x":0.5858903527259827,"y":0.13237489759922028,"z":-0.09773509204387665,"w":0.7935174107551575},"size":0.09586282819509506,"orthographic":true}