{"cameraMode":{"drawMode":0,"name":"Shaded","section":"Shading Mode"},"sceneLighting":false,"audioPlay":false,"sceneViewState":{"m_AlwaysRefresh":false,"showFog":false,"showSkybox":false,"showFlares":false,"showImageEffects":false,"showParticleSystems":false,"showVisualEffectGraphs":true,"m_FxEnabled":true},"in2DMode":false,"pivot":{"x":-16.598434448242189,"y":37.998146057128909,"z":-10.751175880432129},"rotation":{"x":0.012720742262899876,"y":-0.9828904271125794,"z":0.1682114601135254,"w":0.07414170354604721},"size":116.53227233886719,"orthographic":true}