{"cameraMode":{"drawMode":0,"name":"Shaded","section":"Shading Mode"},"sceneLighting":false,"audioPlay":false,"sceneViewState":{"m_AlwaysRefresh":false,"showFog":true,"showSkybox":true,"showFlares":true,"showImageEffects":true,"showParticleSystems":true,"showVisualEffectGraphs":true,"m_FxEnabled":true},"in2DMode":false,"pivot":{"x":-10.624316215515137,"y":40.97681427001953,"z":7.214498043060303},"rotation":{"x":0.07339726388454437,"y":-0.03261043503880501,"z":0.0023924573324620725,"w":0.9967833161354065},"size":173.9041748046875,"orthographic":true}