{"cameraMode":{"drawMode":0,"name":"Shaded","section":"Shading Mode"},"sceneLighting":false,"audioPlay":false,"sceneViewState":{"m_AlwaysRefresh":false,"showFog":true,"showSkybox":true,"showFlares":true,"showImageEffects":true,"showParticleSystems":true,"showVisualEffectGraphs":true,"m_FxEnabled":true},"in2DMode":false,"pivot":{"x":-0.5113989114761353,"y":63.722267150878909,"z":2.646770477294922},"rotation":{"x":-0.0404612235724926,"y":0.03686872497200966,"z":-0.0015035546384751797,"w":-0.9985089898109436},"size":33.05305480957031,"orthographic":false}