{"cameraMode":{"drawMode":0,"name":"Shaded","section":"Shading Mode"},"sceneLighting":false,"audioPlay":false,"sceneViewState":{"m_AlwaysRefresh":false,"showFog":true,"showSkybox":true,"showFlares":true,"showImageEffects":true,"showParticleSystems":true,"showVisualEffectGraphs":true,"m_FxEnabled":true},"in2DMode":false,"pivot":{"x":-3.5479140281677248,"y":-110.66647338867188,"z":-130.5334930419922},"rotation":{"x":0.03148985654115677,"y":-0.017990151420235635,"z":0.0005665571661666036,"w":0.9993482232093811},"size":0.10319874435663223,"orthographic":false}