{"cameraMode":{"drawMode":0,"name":"Shaded","section":"Shading Mode"},"sceneLighting":false,"audioPlay":false,"sceneViewState":{"m_AlwaysRefresh":false,"showFog":true,"showSkybox":true,"showFlares":true,"showImageEffects":true,"showParticleSystems":true,"showVisualEffectGraphs":true,"m_FxEnabled":true},"in2DMode":false,"pivot":{"x":5.551546573638916,"y":-25.21866798400879,"z":-267.1424560546875},"rotation":{"x":0.010499749332666397,"y":-0.0014998530969023705,"z":0.000015479263311135583,"w":0.9999486804008484},"size":0.008418922312557698,"orthographic":false}