{"cameraMode":{"drawMode":0,"name":"Shaded","section":"Shading Mode"},"sceneLighting":false,"audioPlay":false,"sceneViewState":{"m_AlwaysRefresh":false,"showFog":false,"showSkybox":false,"showFlares":false,"showImageEffects":false,"showParticleSystems":false,"showVisualEffectGraphs":true,"m_FxEnabled":true},"in2DMode":false,"pivot":{"x":23.165077209472658,"y":147.89488220214845,"z":14.848194122314454},"rotation":{"x":0.16683503985404969,"y":-0.7952445149421692,"z":0.25254854559898379,"w":0.5253453850746155},"size":23.856374740600587,"orthographic":false}