{"cameraMode":{"drawMode":0,"name":"Shaded","section":"Shading Mode"},"sceneLighting":false,"audioPlay":false,"sceneViewState":{"m_AlwaysRefresh":false,"showFog":false,"showSkybox":false,"showFlares":false,"showImageEffects":false,"showParticleSystems":false,"showVisualEffectGraphs":true,"m_FxEnabled":true},"in2DMode":false,"pivot":{"x":-2.980232238769531e-7,"y":0.8748605251312256,"z":-0.014227889478206635},"rotation":{"x":0.13310272991657258,"y":-0.004166386090219021,"z":0.0005595163675025106,"w":0.9910942912101746},"size":1.2453176975250245,"orthographic":true}