{"cameraMode":{"drawMode":0,"name":"Shaded","section":"Shading Mode"},"sceneLighting":false,"audioPlay":false,"sceneViewState":{"m_AlwaysRefresh":false,"showFog":false,"showSkybox":false,"showFlares":false,"showImageEffects":false,"showParticleSystems":false,"showVisualEffectGraphs":true,"m_FxEnabled":true},"in2DMode":false,"pivot":{"x":0.6513463854789734,"y":1.1390317678451539,"z":0.0943525955080986},"rotation":{"x":0.5011876821517944,"y":-0.008829401805996895,"z":0.005114439409226179,"w":0.8652797341346741},"size":0.19364863634109498,"orthographic":true}